ID,2020 Food Sales,2020 FS Adjust,2021 Food Sales,2021 FS Adjust,2020 Total Sales,2020 TS Adjust,2021 Total Sales,2021 TS Adjust,2020 FS divided by TS,2021 FS divided by TS,BrandLogos,Comments,Company GHG Name,Company Foreign,DateEndFinancial2020,DateEndFinancial2021,DateEnd10k,DateEndGhg,Exclusions,ExclusionsText,GhgPermaLink,GhgReportArea,GhgReportName,GhgReportNotes,GhgReportUrl,LogoDownCo,NameChangeToParent,Parent,Public,Rank,RankIndustry,RankRevenues,RealZero,RevenuesArea,RevenuesGhgCo,S&P500,SasbIndustry,SasbIndustryShort,Scope1Emit,Scope2EmitLocation,Scope2EmitMarket,Scope2EmitUndifferentiated,Scope2Total,Scope1+2Reported,Scope1+2Total,Scope1+2Undiff,Scope1+2/Revenues,Subsidiary,Website,YearGhgData,YearRevenuesData,brands
1,43490,,47635,,70372,,79474,,0.618001478,0.599378413,y,,"PepsiCo, Inc.",no,12/31/2020,12/31/2021,12/25/2021,12/31/2022,no,,,,CDP Report,,,yes,,_none,yes,,,,,,86392,,Non-Alcoholic Beverages,,3481530,1834309,750058,,750058,yes,4231588,,48.98124826,,www.pepsico.com#http://www.pepsico.com#,2022,,69
2,41329,,45059,,43185,,47049,,0.957022114,0.957703671,y,,Tyson Foods Inc.,no,10/1/2020,10/2/2021,10/1/2021,10/1/2022,no,,,worldwide,Sustainability Report,,,yes,,_none,yes,,,,,worldwide,53282,,"Meat, Poultry & Dairy",,3560000,,,2200000,2200000,yes,5760000,,108.1040501,,www.tysonfoods.com#http://www.tysonfoods.com#,2022,,38
3,27925,,33678,,51948,,62925,parent,0.537556788,0.535208582,y,table notes Revenue is for ulitmate parent JBS S.A.; parent's emissions entered; N.A. Emissions available; unable to confirm N.A. revenue,JBS USA,yes,12/31/2020,12/31/2021,,12/31/2022,no,,,worldwide,Sustainability Report,,,yes,yes,"JBS USA Holdings, Inc. (subsidiary of JBS S.A.)",yes,,,,,worldwide,374900,,"Meat, Poultry & Dairy",,4045137,1605115,1513548,,1513548,yes,5558685,,14.8271139,JBS USA,"www.jbssa.com#http://	www.jbssa.com#",2022,,74
4,30017,,31307,,89982,,95212,,0.33358894,0.328813595,y,"Labeled ""U.S. & Canada"" in Processed Foods table but revenue numbers are for parent ""Nestlé S.A.""",Nestle,yes,12/31/2020,12/31/2021,,12/31/2023,no,,,worldwide,Assurance Statement,,,yes,,_none,yes,,,,,worldwide,105520,,Processed Foods,,3160000,,310000,,310000,yes,3470000,,32.88476118,,www.nestle.com#http://www.nestle.com/#,2023,,126
5,20844,,20351,,26185,,26042,,0.79602826,0.781468397,y,,Kraft Heinz,no,12/31/2020,12/31/2021,12/25/2021,12/31/2022,no,,,,ESG Report,,,yes,,_none,yes,,,,,,26042,yes,Processed Foods,,501786,,457547,,457547,yes,959333,,36.83791567,,www.kraftheinzcompany.com#http://www.kraftheinzcompany.com#,2022,,58
6,15622,,16257,,46881,,54304,,0.33322668,0.299370212,y,,Anheuser-Busch InBev,yes,12/31/2020,12/31/2021,,12/31/2021,no,,,,ESG Report,,,yes,,_none,yes,,,,,,57800,,Alcoholic Beverages,,,,,,,yes,3680000,3680000,63.66782007,,"www.ab-inbev.com#http://	www.ab-inbev.com#",2022,,44
7,15600,,16000,estimated,16100,,16000,estimated,0.968944099,1,y,Revenue and Emissions are for named company,"Smithfield Foods, Inc.",no,12/31/2020,12/31/2021,,12/31/2022,no,,,,Sustainability Report,,,yes,no,WH Group Limited,no,,,,,,19100,,"Meat, Poultry & Dairy",,2957489,,,986769,986769,yes,3944258,,206.5056545,,www.smithfieldfoods.com#http://www.smithfieldfoods.com#,2022,,32
8,14470,carryover,15677,,18127,,18993,,0.798256744,0.825409361,y,,General Mills,no,5/31/2021,5/31/2022,5/29/2022,5/28/2023,no,,,,Responsibility Report,2020 data only as of 11/23/2022,,yes,,_none,yes,,,,,,18993,yes,Processed Foods,,335600,,20700,,20700,yes,356300,,18.75954299,,www.generalmills.com#http://www.generalmills.com#,2022,,75
9,11456,,13190,,33014,,38655,,0.347004301,0.341223645,y,,Coca-Cola Company,no,12/31/2020,12/31/2021,12/31/2021,12/31/2022,yes,"CO2 loss during production and AC/Chilleremissions; Fleet emissions; Indirect emissions from stationary fuel consumption at standalone (i.e., not co-located) warehouses, distribution centers and ofices",,,Sustainability,,,yes,,_none,yes,,,,,,43000,,Non-Alcoholic Beverages,,555510,869832,815908,,815908,yes,1371418,,31.89344186,,www.coca-colacompany.com#http://www.coca-colacompany.com#,2021,,35
10,12000,estimated,12500,estimated,37000,estimated,45000,,0.324324324,0.277777778,y,,"Mars, Incorporated",no,12/31/2020,12/31/2021,,,,,,,_no report as of 11/23/2022,no 2020 data,,yes,,_none,no,,,,,,40000,,Processed Foods,,,,,,,,,,,,www.mars.com#http://www.mars.com#,,,33
11,11185,,11500,,11185,,11500,,1,1,y,,Conagra Brands Inc.,no,5/30/2021,5/30/2022,5/29/2022,5/30/2023,no,"Conagra Brands has not yet integrated our sales offices into our reporting, ""negligible contribution""",,,CDP Report,2020 data only as of 11/21/2022,,yes,,_none,yes,,,,,,11500,yes,Processed Foods,,412372,410045,389735,,389735,yes,802107,,69.74843478,,www.conagrabrands.com#http://www.conagrabrands.com#,2022,,94
12,9608,,11386,,9608,,11386,,1,1,y,,Hormel Foods Corp.,no,10/30/2020,10/30/2021,10/30/2021,10/30/2022,no,,,,Global Impact Report,,,yes,,_none,yes,,,,,,11386,,"Meat, Poultry & Dairy",,635226,444707,22680,,22680,yes,657906,,57.782013,,www.hormelfoods.com#http://www.hormelfoods.com#,2022,,45
13,9900,estimated carryover,10000,estimated,114600,,134400,,0.086387435,0.074404762,y,,Cargill Incorporated,no,5/31/2020,5/31/2022,,12/31/2022,no,,,worldwide,CDP Report,,,yes,,_none,no,,,,,worldwide,165000,,Food Retailers & Distributors,,6927653,3984087,3778914,,3778914,yes,10706567,,64.88828485,,www.cargill.com#http://www.cargill.com#,2022,,11
14,7496,,9114,,12092,,14777,,0.619913993,0.616769304,y,Revenue and Emissions are for named company,Pilgrim's Pride Corporation,no,12/31/2020,12/31/2021,12/26/2021,,no,"
operations, and energy indirect emissions (scope 2).",,,Sustainability Report (website only),,,yes,no,JBS S.A.,yes,,,,,,14777,,"Meat, Poultry & Dairy",,,,,,,yes,1466707,1466707,99.25607363,,www.pilgrims.com#http://www.pilgrims.com#,2021,,11
15,8400,estimated,9000,estimated,9400,,11600,,0.893617021,0.775862069,y,"Revenue is probably for named company; no emissions data for either entity; parent's 2021 Revenue is 16,122 USD","National Beef Packing Company, LLC",no,12/31/2020,12/31/2021,,,,,,,_no report as of 12/14/2022,no 2020 data,,yes,no,Marfrig Global Foods S.A.,no,,,,,,11600,,"Meat, Poultry & Dairy",,,,,,,,,,,,"www.nationalbeef.com#http://	www.nationalbeef.com#",,,10
16,8854,estimated,8598,,16641,,17017,,0.532059371,0.505259446,y,Revenue is now for N.A; emissions entered for North America,"Bimbo Bakeries USA, Inc.",no,12/31/2020,12/31/2021,,12/31/2022,no,,,,Annual Report,,,yes,no,"Grupo Bimbo, S.A.B. de C.V.",no,,,,,,19800,,Processed Foods,,1089697,,,61393,61393,yes,1151090,,58.13585859,,www.bimbobakeriesusa.com#http://www.bimbobakeriesusa.com#,2022,,20
17,8237,,8485,,11724,,10280,,0.702575913,0.825389105,y,,Molson Coors Beverage Company,no,12/31/2020,12/31/2021,12/31/2021,12/31/2023,no,,,,Imprint Report,,,yes,,_none,yes,,,,,,10280,,Alcoholic Beverages,,604337,,,268284,268284,yes,872621,,84.88531128,,www.molsoncoors.com#http://www.molsoncoors.com#,2023,,53
18,8691,,8476,,8691,,8476,,1,1,y,,Campbell Soup Company,no,7/31/2020,7/31/2021,7/31/2021,7/31/2022,no,,,,Assurance Statement,,,yes,,_none,yes,,,,,,7635,yes,Processed Foods,,461968,215014,210093,,210093,yes,672061,,88.02370661,,"www.campbellsoupcompany.com#http://	www.campbellsoupcompany.com#",2022,,28
19,8132,,8417,,11333,,11838,,0.717550516,0.711015374,y,,Saputo Inc.,yes,3/31/2021,3/31/2022,,3/31/2024,no,,,,Assurance Statement,tco2,,yes,,_none,yes,,,,,,12880,,Processed Foods,,509543,,369774,,369774,yes,879317,,68.26995342,,www.saputo.com#http://www.saputo.com#,2023,,30
20,8157,,8302,,26581,,28720,,0.306873331,0.289066852,y,,"Mondelez International, Inc.",no,12/31/2020,12/31/2021,12/31/2021,12/31/2023,no,,,,Sustainability Report,,,yes,,_none,yes,,,,,,28720,yes,Processed Foods,,779000,,406000,,406000,yes,1185000,,41.26044568,,www.mondelezinternational.com#http://www.mondelezinternational.com#,2023,,32
21,7416,,8238,,8150,,8971,,0.90993865,0.918292275,y,,Hershey Company,no,12/31/2020,12/31/2021,12/31/2021,12/31/2022,no,,,,ESG Report,,,yes,,_none,yes,,,,,,8971,yes,Processed Foods,,179211,,68639,,68639,yes,247850,,27.62791216,,www.thehersheycompany.com#http://www.thehersheycompany.com#,2022,,79
22,8361,,8174,,8361,,14181,,1,0.576405049,y,,Kellogg,no,12/31/2020,1/1/2022,1/1/2022,12/31/2021,no,,,,Verification Statement,,,yes,,_none,yes,,,,,,14181,yes,Processed Foods,,498000,569000,411000,,411000,yes,909000,,64.09985191,,www.kelloggcompany.com#http://www.kelloggcompany.com#,2021,,55
23,8003,,7999,,8003,,7999,,1,1,y,,J. M. Smucker Company,no,4/30/2021,4/30/2022,4/30/2022,12/31/2022,no,,,,Corporate Impact Report,,,yes,,_none,yes,,,,,,7999,yes,Processed Foods,,197694,186434,10946,,10946,yes,208640,,26.08326041,,www.jmsmucker.com#http://www.jmsmucker.com#,2022,,32
24,6688,,7368,,11618,,12683,,0.575658461,0.58093511,y,,Keurig,no,12/31/2020,12/31/2021,12/31/2021,12/31/2023,no,,,,CR Report,,,yes,,_none,yes,,,,,,12683,,Non-Alcoholic Beverages,,286787,174778,36721,,36721,yes,323508,,25.50721438,,www.keurigdrpepper.com#http://www.keurigdrpepper.com#,2023,,38
25,4400,,6045,,4400,,6045,,1,1,y,Revenue is for ulitmate parent Parmalat S.p.A.; no emissions data for either entity,Parmalat S.p.A.,yes,12/31/2020,12/31/2021,,,,,,,_no report as of 12/14/2022,no 2020 data,,yes,yes,Lactalis,no,,,,,,6045,,"Meat, Poultry & Dairy",,,,,,,,,,,Lactalis American Group,lactalisamericangroup.com#http://lactalisamericangroup.com#,,,31
26,6000,estimated,6000,estimated,6000,estimated,6000,estimated,1,1,y,Revenue is for named company; Emissions only available for parent; change revenue to parent's (24.3 bn euros),Danone S.A.,yes,12/31/2020,12/31/2021,,,no,Emissions from offices and research centers are excluded as they represent less than 5% of Danone’s total scope 1 and 2 emissions.,,,Extra Financial Data,kco2,,yes,yes,Danone S.A.,yes,,,,,,29144,,Processed Foods,,666000,,276000,,276000,yes,942000,,32.32226187,Danone North America,www.whitewave.com#http://www.whitewave.com#,2022,,20
27,5259,,5749,,5699,,6227,,0.922793473,0.923237514,y,,"Post Holdings, Inc.",no,9/30/2020,9/30/2021,9/30/2021,9/30/2023,no,,,,_no report as of 11/25/2022,no 2020 data,,yes,,_none,yes,,,,,,6227,,Processed Foods,,339000,,,282000,282000,yes,621000,,99.72699534,,www.postholdings.com#http://www.postholdings.com#,2023,,47
28,5791,,5731,,5791,,5731,,1,1,y,Revenue is for named company; no emissions data for either entity,Agropur Dairy Cooperative,no,10/31/2020,10/31/2021,,,,,,,_no report as of 12/14/2022,no 2020 data,,yes,no,Farmers Co-operative Dairy Limited,no,,,,,,8200,,"Meat, Poultry & Dairy",,,,,,,yes,446281,,54.4245122,,agropur.com#http://agropur.com#,2023,,19
29,5012,,5434,,17800,,19300,,0.281573034,0.281554404,y,,"Dairy Farmers of America, Inc.",no,12/31/2020,12/31/2021,,,,,,,_no report as of 11/23/2022,no 2020 data,,yes,,_none,no,,,,,,19300,,"Meat, Poultry & Dairy",,,,,,,,,,,,www.dfamilk.com#http://www.dfamilk.com#,,,17
30,3564,,4800,,3564,,4800,,1,1,y,Revenue and Emissions are for named company,"Sanderson Farms, Inc.",no,12/31/2020,12/31/2021,,10/31/2021,no,,,,CR Report,2020 data only as of 11/25/2022,,yes,no,"Cargill, Incorporated; Wayne Farms, LLC",no,,,,,,4800,,"Meat, Poultry & Dairy",,245477,,,231612,231612,yes,477089,,99.39354167,,www.sandersonfarms.com#http://www.sandersonfarms.com#,2020,,1
31,4700,estimated,4700,estimated,8000,,8000,estimated,0.5875,0.5875,y,,Perdue Farms Inc.,no,4/30/2021,4/30/2022,,,,,,,_no report as of 11/25/2022,no 2020 data,,yes,,_none,no,,,,,,8000,,"Meat, Poultry & Dairy",,,,,,,,,,,,www.perduefarms.com#http://www.perduefarms.com#,,,15
32,4600,estimated,4600,,5000,,5000,,0.92,0.92,y,,Golden State Foods Corporation,no,12/31/2020,12/31/2021,,,,,,,_no report as of 11/23/2022,no 2020 data,,yes,,_none,no,,,,,,5000,,Processed Foods,,,,,,,,,,,,www.goldenstatefoods.com#http://www.goldenstatefoods.com#,,,1
33,3983,,4552,,14000,,16000,,0.2845,0.2845,y,,"Land O'Lakes, Inc.",no,12/31/2020,12/31/2021,,12/31/2023,no,,,,CI Report,,,yes,,_none,no,,,,,,16000,,"Meat, Poultry & Dairy",,288583,,,174029,174029,yes,462612,,28.91325,,www.landolakesinc.com#http://www.landolakesinc.com#,2023,,4
34,4308,estimated,4412,,8615,,8821,,0.500058038,0.500170049,y,,Constellation Brands,no,2/28/2021,2/28/2022,2/28/2022,8/1/2022,no,,,,ESG Impact Report,2020 data only as of 11/21/2022,,yes,,_none,yes,,,,,,8821,yes,Alcoholic Beverages,,311104,78269,69949,,69949,yes,381053,,43.19839021,,www.cbrands.com#http://www.cbrands.com#,2022,,49
35,4388,,4331,,4388,,4331,,1,1,y,,"Flowers Foods, Inc.",no,12/31/2020,12/31/2021,1/1/2022,12/31/2022,no,,,,_no report as of 11/23/2022,no 2020 data,,yes,,_none,yes,,,,,,4331,,Processed Foods,,166863,,,146563,146563,yes,313426,,72.36804433,,www.flowersfoods.com#http://www.flowersfoods.com#,2023,,18
36,4350,,4328,,4350,,4328,,1,1,y,,TreeHouse Foods Inc.,no,12/31/2020,12/31/2021,12/31/2021,12/31/2022,no,,,,CDP Report,,,yes,,_none,yes,,,,,,3297,,Processed Foods,,178380,148049,,,148049,yes,326429,,99.00788596,,www.treehousefoods.com#http://www.treehousefoods.com#,2022,,23
37,4370,estimated,4244,estimated,63302,,59388,,0.069034154,0.071462248,y,"Labeled ""U.S."" in Processed Foods table but revenue numbers are for parent ""Unilever PLC""",Unilever PLC,yes,12/31/2020,12/31/2021,,12/31/2023,no,,,,Annual Report,,,yes,,_none,yes,,,,,,59388,,Household & Personal Products,,620000,,,110000,110000,yes,730000,,12.29204553,,www.unilever.com#http://www.unilever.com#,2023,,19
38,4100,estimated,4200,estimated,5100,estimated,5200,estimated,0.803921569,0.807692308,y,,"E. & J. Gallo Winery, Inc.",no,12/31/2020,12/31/2021,,,,,,,_no report as of 11/23/2022,no 2020 data,,yes,,_none,no,,,,,,5200,,Alcoholic Beverages,,,,,,,,,,,,www.gallo.com#http://www.gallo.com#,,,57
39,3400,,3600,,3400,,3600,,1,1,y,,"Prairie Farms Dairy, Inc.",no,9/30/2020,9/30/2021,,,,,,,_no report as of 11/25/2022,no 2020 data,,yes,,_none,no,,,,,,3600,,"Meat, Poultry & Dairy",,,,,,,,,,,,www.prairiefarms.com#http://www.prairiefarms.com#,,,14
40,2961,,3560,,3538,,3560,,0.83691351,1,y,,Maple Leaf Foods Inc.,yes,12/31/2020,12/31/2021,,12/31/2023,no,"Natural gas consumption at our corporate offices, innovation centers, and global sales offices are excluded as it represents 0.1% of Scope 1",,,Assurance Report,,,yes,,_none,yes,,,,,,3560,,"Meat, Poultry & Dairy",,263057,32825,9898,,9898,yes,272955,,76.67275281,,www.mapleleaffoods.com#http://www.mapleleaffoods.com#,2023,,17
41,3200,estimated,3500,estimated,3200,estimated,3500,estimated,1,1,y,,"Koch Foods, Inc.",no,12/31/2020,12/31/2021,,,,,,,_no report as of 11/23/2022,no 2020 data,,yes,,_none,no,,,,,,3500,,"Meat, Poultry & Dairy",,,,,,,,,,,,www.kochfoods.com#http://www.kochfoods.com#,,,2
42,3300,estimated,3400,estimated,3300,estimated,3400,estimated,1,1,y,,"Great Lakes Cheese Company, Inc.",no,12/31/2020,12/31/2021,,,,,,,_no report as of 11/23/2022,no 2020 data,,yes,,_none,no,,,,,,3400,,Processed Foods,,,,,,,,,,,,www.greatlakescheese.com#http://www.greatlakescheese.com#,,,5
43,3069,,3308,,20418,,20672,,0.150308551,0.16002322,y,Revenue is for parent; Emissions is for parent,Suntory Holdings Limited,yes,12/31/2020,12/31/2021,,12/31/2022,yes,"No documentation(GHG emissions from small offices in countries other than Japan
Japan are excluded",,,2022 Suntory Group CSR,,,yes,yes,Suntory Holdings Limited,no,,,,,,20200,,Alcoholic Beverages,,594000,,,248000,248000,yes,843000,843000,41.73267327,Beam Suntory Inc. (U.S.),"www.beamsuntory.com#http://	www.beamsuntory.com#",2022,,13
44,3426,,3158,,4042,,3158,,0.847600198,1,y,Revenue is for parent; Emissions is for parent,Grupo Lala,yes,12/31/2020,12/31/2021,,12/31/2022,no,,,,Sustainability Report,2020 data only as of 11/23/2022,,yes,yes,"Grupo Lala, S.A.B. de C.V.",yes,,,,,,3158,,"Meat, Poultry & Dairy",,276658,,,308747,308747,yes,585405,,185.3720709,LaLa Foods U.S.,#https://www.lala-us.com/#,2022,,5
45,2883,pet food,3111,,16471,,17421,,0.17503491,0.178577579,y,,Colgate-Palmolive Co.,no,12/31/2020,12/31/2021,12/31/2021,12/31/2022,no,,,,CDP Report,,,yes,,_none,yes,,,,,,17421,,Household & Personal Products,,195700,369000,225400,,225400,yes,421100,,24.17197635,,www.colgatepalmolive.com#http://www.colgatepalmolive.com#,2022,,19
46,3100,estimated,3100,estimated,4100,,4100,estimated,0.756097561,0.756097561,y,,California Dairies Inc.,no,12/31/2020,12/31/2021,,,,,,,_no report as of 11/21/2022,no 2020 data,,yes,,_none,no,,,,,,4100,,"Meat, Poultry & Dairy",,,,,,,,,,,,"www.californiadairies.com#http://	www.californiadairies.com#",,,3
47,3100,estimated,3100,estimated,8000,adjusted,8000,,0.3875,0.3875,y,,McCain Foods USA,no,6/30/2020,6/30/2021,,6/30/2023,yes,excluding our transportation subsidiary the Day & Ross Transportation Group (“Day & Ross”) and acquisitions that we have completed within the last 24 months.,,,Sustainability Report,,,yes,,_none,no,,,,,,8000,,Processed Foods,,,,,,,yes,1315973,1315973,164.496625,,www.mccain.com#http://www.mccain.com#,2022,,5
49,2300,,2700,,2300,estimated,2700,,1,1,y,,HP Hood LLC,no,12/31/2020,12/31/2021,,,,,,,_no report as of 11/23/2022,no 2020 data,,yes,,_none,no,,,,,,2700,,Processed Foods,,,,,,,,,,,,hood.com#http://hood.com#,,,18
50,2517,adjusted,2700,,5601,,6318,,0.449384039,0.427350427,y,,McCormick & Company,no,11/30/2020,11/30/2021,11/30/2021,11/30/2021,no,,,,Progress Report,,,yes,,_none,yes,,,,,,6317.9,yes,Processed Foods,,37889,,,58726,58726,yes,96615,,15.29226483,,www.mccormickcorporation.com#http://www.mccormickcorporation.com#,2021,,22
51,2500,estimated,2600,estimated,2500,,12700,parent,1,0.204724409,y,table notes Revenue is for ulitmate parent Ferrero International S.A.; emissions entered for parent,Ferrero Group,yes,12/31/2020,12/31/2021,,8/31/2023,yes,"entities excluded: businesses acquired in 2019 from Kellogg's US, other companies recently acquired",,,Sustainability report,,,yes,yes,Ferrero S.p.A. (subsidiary of Ferrero International S.A.),no,,,,,,12700,,Processed Foods,,484962,344259,62543,,62543,yes,547505,,43.11062992,Ferrara USA,www.ferrarausa.com#http://www.ferrarausa.com#,2023,,69
52,2600,estimated,2600,estimated,3900,estimated,4000,estimated,0.666666667,0.65,y,Revenue is for named company; no emissions data for either entity,Rich Products Corporation,no,12/31/2020,12/31/2021,,,,,,,_no report as of 12/14/2022,no 2020 data,,yes,no,RE Rich Family Holding Corporation,no,,,,,,4000,,Processed Foods,,,,,,,,,,,,www.richs.com#http://www.richs.com#,,,12
53,2600,estimated,2550,estimated,2600,estimated,2550,estimated,1,1,y,,Trident Seafoods Corporation,no,12/31/2020,12/31/2021,,,,,,,_no report as of 11/25/2022,no 2020 data,,yes,,_none,no,,,,,,2550,,Processed Foods,,,,,,,,,,,,www.tridentseafoods.com#http://www.tridentseafoods.com#,,,8
54,2600,estimated,2500,estimated,5000,estimated,4800,,0.52,0.520833333,y,,Wonderful Company LLC,no,12/31/2020,12/31/2021,,,,,,,_no report as of 11/25/2022,no 2020 data,,yes,,_none,no,,,,,,4800,,Processed Foods,,,,,,,,,,,,www.wonderful.com#http://www.wonderful.com#,,,7
56,2400,estimated,2400,estimated,2500,estimated,2500,estimated,0.96,0.96,y,,"Foster Farms, LLC",no,12/31/2020,12/31/2021,,,,,,,_no report as of 11/23/2022,no 2020 data,,yes,,_none,no,,,,,,2500,,Agricultural Products,,,,,,,,,,,,www.fosterfarms.com#http://www.fosterfarms.com#,,,4
57,2350,estimated,2400,estimated,2350,estimated,2400,estimated,1,1,y,Revenue is for named company; no emissions data for either entity,"Mountaire Farms, Inc.",no,12/31/2020,12/31/2021,,,,,,,_no report as of 12/14/2022,no 2020 data,,yes,no,Mountaire Corporation,no,,,,,,2400,,"Meat, Poultry & Dairy",,,,,,,,,,,,"www.mountaire.com#http://	www.mountaire.com#",,,1
58,2397,estimated,2397,estimated,5000,estimated,5000,estimated,0.4794,0.4794,y,,Schreiber Foods Inc.,no,12/31/2020,12/31/2021,,,,,,,_no report as of 11/25/2022,no 2020 data,,yes,,_none,no,,,,,,5000,,"Meat, Poultry & Dairy",,,,,,,,,,,,www.schreiberfoods.com#http://www.schreiberfoods.com#,,,9
59,2087,,2337,,3183,,3859,,0.655670751,0.605597305,y,,Premium Brands Holdings Corp.,yes,12/31/2020,12/31/2021,,12/31/2022,no,,,,ESG Report,,,yes,,_none,yes,,,,,,6300,,Processed Foods,,48963,,,33021,33021,yes,81984,,13.01333333,American Foods Group LLC,www.premiumbrandsholdings.com#http://www.premiumbrandsholdings.com#,2022,,37
60,2200,,2250,estimated,2200,,2250,estimated,1,1,y,Revenue is for named company; no emissions data for either entity,Wayne Farms LLC,no,12/31/2020,12/31/2021,,,,,,,_no report as of 12/14/2022,2021 reports intensity only,,yes,no,Continental Grain Company Corp.,no,,,,,,2250,,"Meat, Poultry & Dairy",,,,,,,,,,,,www.waynefarms.com#http://www.waynefarms.com#,,,5
61,2130,estimated,2209,estimated,2700,estimated,2800,estimated,0.788888889,0.788928571,y,,"Hilmar Cheese Company, Inc.",no,12/31/2020,12/31/2021,,,,,,,_no report as of 11/23/2022,no 2020 data,,yes,,_none,no,,,,,,2800,,Processed Foods,,,,,,,,,,,,www.hilmarcheese.com#http://www.hilmarcheese.com#,,,1
62,1736,,2058,,1736,,2058,,1,1,y,,"Boston Beer Company, Inc.",no,12/31/2020,12/31/2021,12/25/2021,12/31/2022,no,,,,_no report as of 11/21/2022,no 2020 data,,yes,,_none,yes,,,,,,2058,,Alcoholic Beverages,,50013,,,33286,33286,yes,83299,,40.47570457,,www.bostonbeer.com#http://www.bostonbeer.com#,2022,,6
63,1968,,2056,,1968,,2056,,1,1,y,,B&G Foods Inc.,no,1/2/2021,1/2/2022,1/1/2022,12/31/2021,no,,,,CDP Questionnaire,,,yes,,_none,yes,,,,,,2056,,Processed Foods,,26688,61191,59753,,59753,yes,86441,,42.04328794,,www.bgfoods.com#http://www.bgfoods.com#,2021,,53
64,1941,,2010,,7126,,9229,,0.272382823,0.217791743,y,,Seaboard Corporation,no,12/31/2020,12/31/2021,12/31/2021,,,,,,_no report as of 11/25/2022,no 2020 data,,yes,,_none,yes,,,,,,9229,,"Meat, Poultry & Dairy",,,,,,,,,,,,www.seaboardcorp.com#http://www.seaboardcorp.com#,,,5
65,,,,,,,,,,,y,"Company replaced ""Dreyer's Grand Ice Cream"" Top 100 list",Associated British Foods plc,yes,9/12/2020,9/18/2021,,7/31/2023,no,,,,Responsibility Report 2022,,,yes,no,Wittington Investments Limitedno,yes,,,,,,16920.8175,,Processed Foods,,2272000,643000,635000,,635000,yes,2907000,,171.80021,"R. Twining and Company Limited; ACH Food Companies, Inc.",#https://www.abf.co.uk/#,2023,,6
66,2000,estimated,2000,estimated,6100,,6100,estimated,0.327868852,0.327868852,y,,"OSI Group, LLC",no,12/31/2020,12/31/2021,,12/31/2021,no,,,,_no report as of 11/25/2022,no 2020 data,,yes,,_none,no,,,,,,6100,,"Meat, Poultry & Dairy",,,,,123553,123553,yes,280611,280611,46.00180328,,www.osigroup.com#http://www.osigroup.com#,2021,,1
67,2000,estimated,2000,estimated,2000,estimated,2000,estimated,1,1,y,2021 Revenue should be 30bn USD for parent; emissions are for parent,CJ Cheiljedang Corporation,yes,12/31/2020,12/31/2021,,12/31/2022,no,,,,Verification Statement,"2020 data only as of 11/25/2022; scope 1, 2, 3 combined; no date",,yes,yes,"CJ Foods USA Inc (subsidiary of CJ America, Inc., which is sub of CJ Cheiljedang Corporation)",yes,,,,,,30000,,Processed Foods,,207951,,,221423,221423,yes,429374,,14.31246667,Schwan's Co.,www.schwanscompany.com#https://www.schwanscompany.com/#,2022,,19
68,1748,carryover,1917,,3461,,3933,,0.505056342,0.487414188,y,,Brown-Forman Corp.,no,4/30/2021,4/30/2022,4/30/2022,4/30/2023,yes,CO2 emissions from fermentation processes and natural gas consumption from leased office spaces,,,Verification Statement,2020 data only as of 11/21/2022,,yes,,_none,yes,,,,,,3933,yes,Alcoholic Beverages,,150435,59420,11953,,11953,yes,162388,,41.28858378,,www.brown-forman.com#http://www.brown-forman.com#,2022,,22
70,1700,estimated,1815,estimated,1700,,1815,estimated,1,1,y,,"Grassland Dairy Products, Inc.",no,12/31/2020,12/31/2021,,,,,,,_no report as of 11/23/2022,no 2020 data,,yes,,_none,no,,,,,,1815,,Agricultural Products,,,,,,,,,,,,www.grassland.com#http://www.grassland.com#,,,7
71,1800,estimated,1800,estimated,6000,estimated,6000,estimated,0.3,0.3,y,,J.R. Simplot Company,no,8/31/2020,8/31/2021,,,,,,,_no report as of 11/23/2022,no 2020 data,,yes,,_none,no,,,,,,6000,,Processed Foods,,,,,,,,,,,,www.simplot.com#http://www.simplot.com#,,,25
72,1349,,1777,,1349,,1777,,1,1,y,,"Cal-Maine Foods, Inc.",no,5/29/2021,5/29/2022,5/28/2022,5/28/2022,no,,,,_no report as of 11/21/2022,no 2020 data,,yes,,_none,yes,,,,,,1349,,"Meat, Poultry & Dairy",,,,,,,yes,400429,400429,296.8339511,,"www.calmainefoods.com#http://	www.calmainefoods.com#",2021,,6
73,1848,adjusted,1773,adjusted,2054,,2054,,0.899707887,0.863193768,y,,Hain Celestial Group Inc.,no,6/30/2020,6/30/2021,6/30/2022,6/30/2023,no,,,,ESG Report,,,yes,,_none,yes,,,,,,2054,,Processed Foods,,35941,14792,7680,,7680,yes,43621,,21.23709834,,www.hain.com#http://www.hain.com#,2022,,36
74,1750,estimated,1750,estimated,3500,estimated,3500,estimated,0.5,0.5,y,,"Leprino Foods Company, Inc.",no,12/31/2020,12/31/2021,,,,,,,_no report as of 11/23/2022,no 2020 data (2021 reports intensity only),,yes,,_none,no,,,,,,3500,,"Meat, Poultry & Dairy",,,,,,,,,,,,leprinofoods.com#http://leprinofoods.com#,,,1
75,1600,estimated,1700,estimated,1600,estimated,1700,estimated,1,1,y,,"Triumph Foods, L.L.C.",no,12/31/2020,12/31/2021,,,,,,,_no report as of 11/25/2022,no 2020 data,,yes,,_none,no,,,,,,1700,,"Meat, Poultry & Dairy",,,,,,,,,,,,www.triumphfoods.com#http://www.triumphfoods.com#,,,3
76,1500,,1650,,2163,,2300,,0.693481276,0.717391304,y,Revenue and Emissions are for named company,Del Monte Pacific Ltd.,yes,4/30/2021,4/30/2022,,4/30/2023,no,,,,Sustainability Report,,,yes,no,"NutriAsia, Inc.",yes,,,,,,2300,,Processed Foods,,68993,,,25884,25884,yes,94877,,41.25086957,,www.delmontepacific.com#http://www.delmontepacific.com#,2022,,5
77,1800,estimated,1600,estimated,1800,,1600,estimated,1,1,y,,Associated Milk Producers Inc.,no,12/31/2020,12/31/2021,,,,,,,_no report as of 11/21/2022,no 2020 data,,yes,,_none,no,,,,,,1600,,"Meat, Poultry & Dairy",,,,,,,,,,,,www.ampi.com#http://www.ampi.com#,,,3
78,1613,,1522,,3507,,3308,,0.459937268,0.460096735,y,Revenue is for parent; Emissions is for parent,Bonduelle N.A.,yes,6/30/2020,6/30/2021,,6/30/2022,no,,,,CSR Report,,,yes,yes,Bonduelle SCA,yes,,,,,,2203,,Processed Foods,,111391,,,42228,42228,yes,153619,,69.73172946,Bonduelle N.A.,#https://bonduelleamericas.com/#,2022,,5
79,1000,estimated,1500,,1500,estimated,1500,,0.666666667,1,y,,American Crystal Sugar Company,no,8/31/2020,8/31/2021,,,,,,,_no report as of 11/21/2022,no 2020 data,,yes,,_none,no,,,,,,1500,,Agricultural Products,,,,,,,,,,,,www.crystalsugar.com#http://www.crystalsugar.com#,,,1
80,1500,estimated,1500,estimated,1500,estimated,1600,estimated,1,0.9375,y,,Chobani Inc.,no,8/31/2020,12/31/2021,,,,,,,_no report as of 11/21/2022,no 2020 data,,yes,,_none,no,,,,,,1600,,Processed Foods,,,,,,,,,,,,www.chobani.com#http://www.chobani.com#,,,1
81,1500,estimated,1500,estimated,1500,estimated,1500,,1,1,y,,McKee Foods Corporation,no,8/31/2020,12/31/2021,,,,,,,_no report as of 11/23/2022,no 2020 data,,yes,,_none,no,,,,,,1500,,Processed Foods,,,,,,,,,,,,www.mckeefoods.com#http://www.mckeefoods.com#,,,5
82,1334,,1467,,1334,,1467,,1,1,y,,Lancaster Colony Corporation,no,6/30/2020,6/30/2021,6/30/2022,,,,,,_no report as of 11/23/2022,no 2020 data,,yes,,_none,yes,,,,,,1467,,Processed Foods,,,,,,,,,,,,"www.lancastercolony.com#http://	www.lancastercolony.com#",,,4
83,1250,estimated,1400,estimated,1250,,1400,estimated,1,1,y,,Borden Dairy Company,no,12/31/2020,12/31/2021,,,,,,,_no report as of 11/21/2022,no 2020 data,,yes,,_none,no,,,,,,1400,,Processed Foods,,,,,,,,,,,,www.bordendairy.com#http://www.bordendairy.com#,,,1
84,1468,,1385,,1468,,1385,,1,1,y,,Seneca Foods Corporation,no,3/31/2021,3/31/2022,3/31/2022,,,,,,_no report as of 11/25/2022,no 2020 data,,yes,,_none,yes,,,,,,1385,,Processed Foods,,,,,,,,,,,,www.senecafoods.com#http://www.senecafoods.com#,,,6
85,1300,estimated,1300,estimated,1300,estimated,1300,estimated,1,1,y,,"Reser's Fine Foods, Inc.",no,12/31/2020,12/31/2021,,,,,,,_no report as of 11/25/2022,no 2020 data,,yes,,_none,no,,,,,,1300,,Processed Foods,,,,,,,,,,,,www.resers.com#http://www.resers.com#,,,8
86,1200,,1200,,1200,,1200,,1,1,y,,Organic Valley Cropp Cooperative,no,12/31/2020,12/31/2021,,,,,,,_no report as of 11/21/2022,no 2020 data,,yes,,_none,no,,,,,,1200,,Agricultural Products,,,,,,,,,,,,www.organicvalley.coop#http://www.organicvalley.coop#,,,1
87,1137,estimated,1200,estimated,1480,,1500,estimated,0.768243243,0.8,y,,Sargento Foods Inc.,no,6/30/2020,6/30/2021,,,,,,,_no report as of 11/25/2022,no 2020 data,,yes,,_none,no,,,,,,1500,,Processed Foods,,,,,,,,,,,,www.sargento.com#http://www.sargento.com#,,,1
88,964,,1181,,964,,1181,,1,1,y,,"Utz Brands, Inc.",no,12/31/2020,12/31/2021,1/2/2022,12/31/2022,no,,,,_no report as of 11/25/2022,no 2020 data,,yes,,_none,yes,,,,,,1181,,Processed Foods,,85786,22402,,,22402,yes,108188,,91.60711262,,www.utzsnacks.com#http://www.utzsnacks.com#,2022,,8
89,1022,,1145,,1022,,1145,,1,1,y,,J&J Snack Foods Corp.,no,9/30/2020,9/30/2021,9/24/2021,,,,,,_no report as of 11/23/2022,no 2020 data,,yes,,_none,yes,,,,,,1145,,Processed Foods,,,,,,,,,,,,www.jjsnack.com#http://www.jjsnack.com#,,,18
90,1017,,1142,,1017,,1142,,1,1,y,,"Hostess Brands, Inc.",no,12/31/2020,12/31/2021,12/31/2021,,,,,,_no report as of 11/23/2022,no 2020 data,,yes,,_none,yes,,,,,,1142,,Processed Foods,,,,,,,,,,,,www.hostessbrands.com#http://www.hostessbrands.com#,,,10
91,1072,,1138,,1072,,1138,,1,1,y,Revenue is for named company; no emissions data for either entity,National Beverage Corp.,no,5/1/2021,4/30/2022,4/30/2022,,,,,,_no report as of 12/14/2022,no 2020 data,,yes,no,"IBS Partners, Ltd.",yes,,,,,,1138,,Non-Alcoholic Beverages,,,,,,,,,,,,www.nationalbeverage.com#http://www.nationalbeverage.com#,,,8
92,1141,,1049,,2500,,2300,,0.4564,0.456086957,y,Revenue is for named company; no emissions data for either entity,"Darigold, Inc.",no,3/31/2021,3/31/2022,,,,,,,_no report as of 12/14/2022,no 2020 data,,yes,no,Northwest Dairy Association,no,,,,,,2300,,"Meat, Poultry & Dairy",,,,,,,,,,,,darigold.com#http://darigold.com#,,,1
93,986,,1012,,986,,1012,,1,1,y,,Agri-Mark Inc.,no,12/31/2020,12/31/2021,,,,,,,_no report as of 11/21/2022,no 2020 data,,yes,,_none,no,,,,,,1012,,"Meat, Poultry & Dairy",,,,,,,,,,,,"www.agrimark.net#http://	www.agrimark.net#",,,3
94,1000,estimated,1000,estimated,2000,estimated,1000,estimated,0.5,1,y,,"Ocean Spray Cranberries, Inc.",no,12/31/2020,12/31/2021,,,,,,,_no report as of 11/25/2022,no 2020 data,,yes,,_none,no,,,,,,1000,,Agricultural Products,,,,,,,,,,,,"www.oceanspray.com#http://	www.oceanspray.com#",,,6
95,1000,estimated,1000,estimated,1000,,1000,estimated,1,1,y,,"Wells Enterprises, Inc.",no,12/31/2020,12/31/2021,,,,,,,_no report as of 11/25/2022,no 2020 data,,yes,,_none,no,,,,,,1000,,Processed Foods,,,,,,,,,,,,www.wellsenterprisesinc.com#http://www.wellsenterprisesinc.com#,,,6
96,966,estimated,902,estimated,1820,,1700,,0.530769231,0.530588235,y,,Foremost Farms USA Cooperative,no,12/31/2020,12/31/2021,,,,,,,_no report as of 11/23/2022,no 2020 data,,yes,,_none,no,,,,,,1700,,"Meat, Poultry & Dairy",,,,,,,,,,,,www.foremostfarms.com#http://www.foremostfarms.com#,,,2
97,789,,813,,,,813,,,1,y,,SunOpta Inc.,no,12/31/2020,12/31/2021,1/1/2022,12/31/2023,no,,,,_no report as of 11/25/2022,no 2020 data,,yes,,_none,yes,,,,,,813,,Processed Foods,,42810,,,19873,19873,yes,62683,,77.10086101,,www.sunopta.com#http://www.sunopta.com#,2023,,3
98,800,estimated,800,estimated,800,estimated,900,estimated,1,0.888888889,y,,"Johnsonville, LLC",no,12/31/2020,12/31/2021,,,,,,,_no report as of 11/23/2022,no 2020 data,,yes,,_none,no,,,,,,900,,"Meat, Poultry & Dairy",,,,,,,,,,,,"www.johnsonville.com#http://	www.johnsonville.com#",,,2
99,761,,766,,880,,858,,0.864772727,0.892773893,y,,"John B. Sanfilippo & Son, Inc.",no,6/25/2020,6/24/2022,6/30/2022,,,,,,_no report as of 11/23/2022,"no 2020 data (indeciferable; reported in kg; labeled ""2022"")",,yes,,_none,yes,,,,,,858,,Processed Foods,,,,,,,,,,,,www.jbssinc.com#http://www.jbssinc.com#,,,5
100,750,estimated,760,estimated,750,estimated,760,estimated,1,1,y,,"Sugar Creek Packing Co., Inc.",no,12/31/2020,12/31/2021,,,,,,,_no report as of 11/25/2022,no 2020 data,,yes,,_none,no,,,,,,760,,Processed Foods,,,,,,,,,,,,www.sugarcreek.com#http://www.sugarcreek.com#,,,2
112,,,,,,,,,,,y,,Procter & Gamble Company,no,,,6/30/2022,6/30/2022,,,,,Assurance Statement,,,yes,,,yes,,,,,,80187,yes,Household & Personal Products,,2159904,2324446,155844,,155844,yes,2315748,,28.87934453,,www.pginvestor.com#http://www.pginvestor.com#,2021,,56
113,,,,,,,,,,,y,,Clorox Company,no,,,6/30/2022,12/31/2022,no,,,,Annual report,,,yes,,,yes,,,,,,7107,,Household & Personal Products,,65205,173925,26682,,26682,yes,91887,,12.929084,,www.thecloroxcompany.com#http://www.thecloroxcompany.com#,2022,,17
114,,,,,,,,,,,y,,Amway Corporation,no,,,,,,,,,_no report as of 1/11/2023,no 2020 data,,yes,,,no,,,,,,3500,,Household & Personal Products,,,,,,,,,,,,www.amway.com#http://www.amway.com#,,,14
115,,,,,,,,,,,y,,Mary Kay Inc.,no,,,,,,,,,_no report as of 1/11/2023,no 2020 data,,yes,,,no,,,,,,2800,,Household & Personal Products,,,,,,,,,,,,www.marykay.com#http://www.marykay.com#,,,20
116,,,,,,,,,,,y,,"Diversey Holdings, Ltd.",no,,,12/31/2021,12/31/2022,no,,,,Sustainability Report,,,yes,,,yes,,,,,,2618.9,,Chemicals,,15220,,9612,,9612,yes,24832,,9.481843522,,www.diversey.com#http://www.diversey.com#,2022,,25
117,,,,,,,,,,,y,,Young Living Essential Oils LC,no,,,,,,,,,_no report as of 1/14/2023,no 2020 data,,yes,,,no,,,,,,2200,,Household & Personal Products,,,,,,,,,,,,www.youngliving.com#http://www.youngliving.com#,,,12
118,,,,,,,,,,,y,,"Revlon, Inc.",no,,,12/31/2021,,,,,,_no report as of 1/11/2023,no 2020 data,,yes,,,yes,,,,,,2078.7,,Household & Personal Products,,,,,,,,,,,,www.revlon.com#http://www.revlon.com#,,,33
119,,,,,,,,,,,y,,"Nu Skin Enterprises, Inc.",no,,,12/31/2021,12/31/2021,no,,,,Sustainability Report,,,yes,,,yes,,,,,,2695.67,,Household & Personal Products,,4639,15359,17794,,17794,yes,22433,,8.321864323,,www.nuskin.com#http://www.nuskin.com#,2021,,2
120,,,,,,,,,,,y,,"Rodan & Fields, LLC",no,,,,12/31/2022,no,,,,ESG Report,,,yes,,,no,,,,,,600,,Household & Personal Products,,122,,,214,214,yes,336,,0.56,,www.rodanandfields.com#http://www.rodanandfields.com#,2022,,11
121,,,,,,,,,,,y,,"Jeunesse Global, LLC",no,,,,,,,,,_no report as of 1/11/2023,no 2020 data,,yes,,,no,,,,,,1300,,Household & Personal Products,,,,,,,,,,,,www.jeunesseglobal.com#http://www.jeunesseglobal.com#,,,8
123,,,,,,,,,,,y,,Estée Lauder Companies Inc.,no,,,6/30/2022,6/30/2022,yes,"except emissions associated with refrigerants sources at retail, office, and certain regional distribution and innovation locations",,,SIS Report,,,yes,,,yes,,,,,,17737,,Household & Personal Products,,29500,60200,1300,,1300,yes,30800,,1.736483058,,www.elcompanies.com#http://www.elcompanies.com#,2022,,21
125,,,,,,,,,,,y,,"S. C. Johnson & Son, Inc.",no,,,,,,,,,_no report as of 1/11/2023,no 2020 data,,yes,,,no,,,,,,11000,,Household & Personal Products,,,,,,,,,,,,www.scjohnson.com#http://www.scjohnson.com#,,,53
126,,,,,,,,,,,y,,"Bath & Body Works, Inc.",no,,,1/29/2022,12/31/2022,no,,,,CDP Report,,,yes,,,yes,,,,,,7429,,Multiline and Specialty Retailers & Distributors,,18374,78400,58171,,58171,yes,76545,,10.30354018,,www.bbwinc.com#http://www.bbwinc.com#,2023,,1
127,,,,,,,,,,,y,,Johnson & Johnson,no,,,1/2/2022,12/31/2023,no,,,,Assurance Statement,,,yes,,,yes,,,,,,93775,,Biotechnology & Pharmaceuticals,,320104,467934,122776,,122776,yes,442880,,4.722793922,,www.jnj.com#http://www.jnj.com#,2023,,44
128,,,,,,,,,,,y,,Ecolab Inc.,no,,,12/31/2021,12/31/2022,no,,,,Verification Statement,,,yes,,,yes,,,,,,12733.1,,Chemicals,,299143,170546,86557,,86557,yes,385700,,30.29113099,,www.ecolab.com#http://www.ecolab.com#,2022,,1
129,,,,,,,,,,,y,,"Church & Dwight Co., Inc.",no,,,12/31/2021,12/31/2023,yes,"""select smaller scale operations excluded""",,,Sustainability Report,,,yes,,,yes,,,,,,5190.1,,Household & Personal Products,,89940,58552,9370,,9370,yes,99310,,19.13450608,,www.churchdwight.com#http://www.churchdwight.com#,2023,,34
130,,,,,,,,,,,y,,Coty Inc.,no,,,6/30/2022,6/30/2023,no,,,,ESG Index,,,yes,,,yes,,,,,,5304.4,,Household & Personal Products,,8037,20557,2316,,2316,yes,10353,,1.951775884,,www.coty.com#http://www.coty.com#,2022,,45
131,,,,,,,,,,,y,,John Paul Mitchell Systems,no,,,,,,,,,_no report as of 1/11/2023,no 2020 data,,yes,,,no,,,,,,925,,Household & Personal Products,,,,,,,,,,,,www.paulmitchell.com#http://www.paulmitchell.com#,,,8
132,,,,,,,,,,,y,,"Neora International, LLC",no,,,,,,,,,_no report as of 1/11/2023,no 2020 data,,yes,,,no,,,,,,820,,Household & Personal Products,,,,,,,,,,,,www.neora.com#http://www.neora.com#,,,8
133,,,,,,,,,,,y,,"Walgreens Boots Alliance, Inc.",no,,,8/31/2021,8/31/2022,no,,,,ESG Report,,,yes,,,yes,,,,,,132509,,Drug Retailers,,323000,1218000,1177000,,1177000,yes,1500000,,11.31998581,"Boots Retail USA, Inc. (No7 Beauty Company)",www.walgreensbootsalliance.com#http://www.walgreensbootsalliance.com#,2022,,9
134,,,,,,,,,,,y,,"Scentsy, Inc.",no,,,,,,,,,_no report as of 1/11/2023,no 2020 data,,yes,,,no,,,,,,1000,,Household & Personal Products,,,,,,,,,,,,www.scentsy.com#http://www.scentsy.com#,,,1
135,,,,,,,,,,,y,,"SeneGence International, Inc.",no,,,,,,,,,_no report as of 1/11/2023,no 2020 data,,yes,,,no,,,,,,1000,,Household & Personal Products,,,,,,,,,,,,#https://web.senegence.com/en_us/#,,,9
136,,,,,,,,,,,y,,"Zep, Inc.",no,,,,,,,,,_no report as of 1/14/2023,no 2020 data,,yes,,,no,,,,,,1000,,"Meat, Poultry & Dairy",,,,,,,,,,,,www.zep.com#http://www.zep.com#,,,6
137,800,,,,800,,,,1,,y,on 2020 list but not 2021 list,"Sovos Brands, Inc.",no,12/31/2020,12/25/2021,12/25/2021,,,,,,_no report as of 1/13/2023,no 2020 data,,yes,,_none,yes,,,,,,719.186,,Processed Foods,,,,,,,,,,,,www.sovosbrands.com#http://www.sovosbrands.com#,,,4
138,0,,0,,0,,0,,0,0,y,,7-Eleven Inc.,,,,,12/31/2022,no,,https://perma.cc/H6K4-3UFN,,Verification Statement,,https://www.7andi.com/library/en/sustainability/pdf/enviroment/en_enviroment_2022.pdf,,,,,0,0,0,,,86830,,Food Retailers & Distributors,,114083,,,2571802,2571802,yes,2685885,,30.93268456,,,2022,,7
139,0,,0,,0,,0,,0,0,y,,Ahold Delhaize USA,,,,,12/31/2023,no,,https://perma.cc/SJ7B-7866,,Annual Report 2022,,https://media.aholddelhaize.com/media/1l5iqhvt/full-annual-report-2021.pdf?t=637818238680370000,,,,,0,0,0,,,91646,,Food Retailers & Distributors,,1867000,1672000,812000,,812000,yes,2679000,,29.23204504,,,2023,,22
140,0,,0,,0,,0,,0,0,y,,Albertsons Cos.,,,,,2/25/2023,no,,https://perma.cc/7ZTV-UKM9,,ESG Report,,https://s29.q4cdn.com/239956855/files/our_impact/sustainability_doc/ALBCIV193285_CORP_ESG_Report_Update_October2022-(2).pdf,,,,,0,0,0,,,79930,,Food Retailers & Distributors,,2499308,1623637,1400857,,1400857,yes,3900165,,48.79475791,,,2023,,11
141,0,,0,,0,,0,,0,0,y,,Alimentation Couche-Tard,,,,,4/28/2024,no,,https://perma.cc/N2KD-UXDN,,Sustainability Report 2023,,https://corpo.couche-tard.com/wp-content/uploads/2022/07/ACT_Sustainability_Report_2022_Final.pdf,,,,,0,0,0,,,71857,,Food Retailers & Distributors,,173458,,,674834,674834,yes,848292,,11.80527993,,,2023,,3
142,0,,0,,0,,0,,0,0,y,,Amazon,,,,,12/31/2023,no,"perfluorocarbons (PFCs), sulphur hexafluoride (SF6), and nitrogen trifluoride (NF3), are not included because they are not material",https://perma.cc/5E8P-ULFQ,worldwide,Certificate,,https://sustainability.aboutamazon.com/2021-sustainability-report.pdf,,,,,0,0,0,,worldwide,513980,,E-commerce,,14270000,,2790000,,2790000,yes,17060000,,33.19195299,,,2023,,26
143,0,,0,,0,,0,,0,0,y,,Associated Food Stores,,,,,7/31/2021,no,,https://perma.cc/YE3X-ZFSP,,CDP Report,,https://www.abf.co.uk/content/dam/abf/corporate/Documents/Responsibility/2022-downloads/ABF-CDP-climate-change-report-2022.pdf.downloadasset.pdf,,,,,0,0,0,,,13884,,Processed Foods,,1882778,711372,777236,,777236,yes,2660014,,191.5884471,,,2021,,13
144,0,,0,,0,,0,,0,0,y,,Big Lots,,,,,12/31/2020,no,,https://perma.cc/T9GW-RASJ,,CSR Report,,https://www.biglots.com/images/marketing/2021/2020_BigLots_CSR_Report_FINAL.pdf,,,,,0,0,0,,,5468,,Food Retailers & Distributors,,36235,210408,183421,,183421,yes,219656,,40.17117776,,,2020,,4
145,0,,0,,0,,0,,0,0,y,,BJ's Wholesale Club,,,,,1/28/2023,no,,https://perma.cc/NT6Z-2AMA,,ESG Report,,https://www.bjs.com/biz/BJsESGContentEspot/BJs_ESGReport_2022.pdf,,,,,0,0,0,,,19320,,Multiline and Specialty Retailers & Distributors,,,,,,,yes,396127,396127,20.50346791,,,2022,,3
146,0,,0,,0,,0,,0,0,y,,Blue Apron,,,,,12/31/2021,no,,https://perma.cc/LM23-552K,,Blue Apron is Carbon Neutral,,https://blog.blueapron.com/carbon-neutral/,,,,,0,0,0,,,470,,E-commerce,,,,,,,yes,124000,124000,263.8297872,,,2021,,8
147,0,,0,,0,,0,,0,0,y,,Costco,,,,,,no,,https://perma.cc/W2YZ-6CQW,,Climate Action Plan,,https://mobilecontent.costco.com/live/resource/img/static-us-landing-pages/5aClimate-Action-Plan.pdf,,,,,0,0,0,,,235442,,Multiline and Specialty Retailers & Distributors,,1405640,1425977,1375183,,1375183,yes,2780823,,11.81107449,,,2022,,2
148,0,,0,,0,,0,,0,0,y,,CVS Health,,,,,12/31/2023,no,,https://perma.cc/453H-HGJB,,ESG Report Appendix,,https://www.cvshealth.com/content/dam/enterprise/cvs-enterprise/pdfs/2021/cvs-health-esg-report-appendix-2021.pdf,,,,,0,0,0,,,322500,,Drug Retailers,,269225,718430,714499,,714499,yes,983724,,3.050306977,,,2023,,14
149,0,,0,,0,,0,,0,0,y,,Dollar General,,,,,12/31/2023,no,,https://perma.cc/7GHC-7B5C,,ESG Report,,file:///Users/hopebodin/Downloads/Serving%20Others%20FY2021%20(2).pdf,,,,,0,0,0,,,34220,,Multiline and Specialty Retailers & Distributors,,712806,,1275193,,1275193,yes,1987999,,58.09465225,,,2023,,11
150,0,,0,,0,,0,,0,0,y,,Dollar Tree,,,,,1/28/2023,no,,https://perma.cc/8A8W-CFA7,,Corporate Sustainability Report,,https://www.dollartree.com/file/general/Corporate_Sustainability_Report.pdf,,,,,0,0,0,,,25510,,Multiline and Specialty Retailers & Distributors,,421840,941740,955841,,955841,yes,1377681,,54.00552724,,,2022,,2
151,0,,0,,0,,0,,0,0,y,,Dollarama,,,,,,yes,Dollarcity,https://perma.cc/BYA8-BX6B,,ESG Report,,https://www.dollarama.com/en-CA/corp/wp-content/uploads/2022/06/2022-Climate-Strategy-and-ESG-Report.pdf,,,,,0,0,0,,,5100,,Multiline and Specialty Retailers & Distributors,,59424,,,26467,26467,yes,85891,,16.84137255,,,2022,,1
152,0,,0,,0,,0,,0,0,y,,EG Group,,,,,12/31/2023,no,,https://perma.cc/59RB-5VCU,,ESG Report,,https://www.eg.group/esg-report-2021/,,,,,0,0,0,,,26510,,Food Retailers & Distributors,,44840,,,311883,311883,yes,356723,,13.45616748,,,2023,,11
153,0,,0,,0,,0,,0,0,y,,Empire Company Ltd. (Sobeys),,,,,12/31/2022,no,,https://perma.cc/SJT3-456F,,Sustainability Report,,https://sobeyssbreport.com/wp-content/uploads/2022/10/fiscal-2022-sustainable-business-report-en.pdf,,,,,0,0,0,,,22860,,Food Retailers & Distributors,,400460,,,232360,232360,yes,632820,,27.6824147,,,2022,,7
154,0,,0,,0,,0,,0,0,y,,Grupo Comercial Chedraui,,,,,12/31/2022,no,,https://perma.cc/2ZLF-JQSM,,Sustainability Report,,https://www.grupochedraui.com.mx/en/sustentabilidad/index.html,,,,,0,0,0,,,41952.196,,Multiline and Specialty Retailers & Distributors,,163300,,,70800,70800,yes,234100,,5.58016081,,,2022,,4
155,0,,0,,0,,0,,0,0,y,,HelloFresh,,,,,12/31/2022,yes,logistic hubs,https://perma.cc/9ZBF-6PUY,,Non Financial Report,,https://ir.hellofreshgroup.com/download/companies/hellofresh/Annual%20Reports/HelloFresh_Sustainability_Report_2021_Non_Financial_Report.pdf,,,,,0,0,0,,,6610,,E-commerce,,24088,44093,18096,,18096,yes,42184,,6.381845688,,,2022,,4
156,0,,0,,0,,0,,0,0,y,,Houchens Industries Inc.,,,,,12/31/2022,,,https://perma.cc/V2MX-H3C2,,ESG Report,,https://savealot.com/wp-content/uploads/2023/04/ESG_Report_2022_SAL.pdf,,,,,0,0,0,,,3500,,Multiline and Specialty Retailers & Distributors,,,,,,,,,,,,,,,6
157,0,,0,,0,,0,,0,0,y,,Kroger Co.,,,,,12/31/2022,no,,https://perma.cc/K3JX-UWFG,,ESG Report,,https://www.thekrogerco.com/wp-content/uploads/2022/08/Kroger-Co-2022-ESG-Report.pdf,,,,,0,0,0,,,42639,,Food Retailers & Distributors,,2335900,2695641,2558805,,2558805,yes,4894705,,114.7940852,,,2022,,26
158,0,,0,,0,,0,,0,0,y,,Loblaw Cos. Ltd.,,,,,12/31/2023,yes,Shoppers Drug Mart,,,ESG Report,,file:///Users/hopebodin/Downloads/2021%20ESG%20Report%20FINAL%20AODA%20-%20EN.pdf,,,,,0,0,0,,,56500,,Food Retailers & Distributors,,726052,392500,388300,,388300,yes,1114352,,19.72304425,,,2023,,30
159,0,,0,,0,,0,,0,0,y,,"Lowe's Companies, Inc.",,,,,12/31/2022,no,,,,CSR,,https://www.loweslink.com/llmain/pubdocuments/lowes2021_ghg_emissionsverificationstatement.pdf,,,,,0,0,0,,,18600,,Multiline and Specialty Retailers & Distributors,,437000,1025000,932000,,932000,yes,1369000,,73.60215054,,,2022,,2
161,0,,0,,0,,0,,0,0,y,,Metro (Canada),,,,,9/24/2023,no,,https://perma.cc/896N-SJNW,,CR Report,tco2,https://corpo.metro.ca/userfiles/file/PDF/Responsabilite_entreprise/EN/infosheet_GHG_2022.pdf,,,,,0,0,0,,,31770,,Food Retailers & Distributors,,270470,,,15605,15605,yes,286075,,9.004564054,,,2023,,4
162,0,,0,,0,,0,,0,0,y,,Rite Aid,,,,,6/30/2021,no,,https://perma.cc/NV9U-G2RU,,TCFD,,https://s27.q4cdn.com/633053956/files/doc_downloads/2021/06/TCFD-FINAL-5-27-21.pdf,,,,,0,0,0,,,5700,,Drug Retailers,,31854,248950,287768,,287768,yes,319622,,56.07403509,,,2020,,4
164,0,,0,,0,,0,,0,0,y,,Soriana,,,,,12/31/2023,no,,https://perma.cc/manage/create?folder=91707,,Sustainability Report,,https://www.organizacionsoriana.com/pdf/Infome%20Anual/2020/Soriana%20RS%202020%20eng%20web.pdf,,,,,0,0,0,,,157000,,Food Retailers & Distributors,,631395,,,306113,306113,yes,937508,,5.971388535,,,2023,,10
165,0,,0,,0,,0,,0,0,y,,Sprouts Farmers Market,,,,,12/31/2023,no,,https://perma.cc/R6SF-4QZZ,,ESG Report,,https://about.sprouts.com/sustainability/environment/climate/,,,,,0,0,0,,,6099,,Food Retailers & Distributors,,139735,,,127131,127131,yes,266866,,43.75569766,,,2023,,1
166,0,,0,,0,,0,,0,0,y,,Target,,,,,1/28/2023,no,International electricity consumption excluded but is less than 1%,https://perma.cc/PNH9-HJRW,,Sustainability Report,,https://corporate.target.com/_media/TargetCorp/Sustainability-ESG/PDF/2022_Target_ESG_Report.pdf,,,,,0,0,0,,,109120,,Multiline and Specialty Retailers & Distributors,,779858,1505539,891321,,891321,yes,1671179,,15.31505682,,,2022,,58
167,0,,0,,0,,0,,0,0,y,,United Natural Foods Inc.,,,,,7/29/2022,no,,https://perma.cc/4WJN-2KAS,,ESG Report,,https://s22.q4cdn.com/589001886/files/doc_financials/2022/sr/ESG-Report-2022-v2.pdf,,,,,0,0,0,,,27000,,Food Retailers & Distributors,,368909,211837,194679,,194679,yes,563588,,20.87362963,,,2022,,16
169,0,,0,,0,,0,,0,0,y,,Walmart,,,,,1/31/2023,no,,https://perma.cc/RC4U-GFME,worldwide,Assurance Statement,,https://corporate.walmart.com/esgreport/media-library/document/2022-third-party-assurance-letter/_proxyDocument?id=00000182-cb2a-d25a-adf7-cbff5dbb0000,,,,,0,0,0,,worldwide,611300,,Multiline and Specialty Retailers & Distributors,,7880866,6740036,,,6740036,yes,14620902,,23.91771961,,,2022,,12
170,0,,0,,0,,0,,0,0,y,,Weis Markets,,,,,12/31/2021,no,,https://perma.cc/JRB2-95HS,,Sustainability Report,,https://www.weismarkets.com/sites/default/files/weismarkets-sustainabilityreport-2021-accessible.pdf?61,,,,,0,0,0,,,3543,,Food Retailers & Distributors,,252889,131294,60340,,60340,yes,313229,,88.40784646,,,2021,,4
172,0,,0,,0,,0,,0,0,y,,99 Ranch,,,,,,,,,,_no report as of 7/7/2023,,,,,,,0,0,0,,,131.5,,Food Retailers & Distributors,,,,,,,,,,,,,,,1
173,0,,0,,0,,0,,0,0,y,,Aldi U.S.,,,,,,,,,,_no report as of 7/7/2023,,,,,,,0,0,0,,,121100,,Food Retailers & Distributors,,,,,,,,,,,,,,,14
175,0,,0,,0,,0,,0,0,y,,ARKO Corp.,,,,,12/31/2022,,,,,2022 Sustainability Report,,,,,,,0,0,0,,,1840,,Food Retailers & Distributors,,114162,,,91870,91870,yes,206032,,111.973913,,,2023,,2
176,0,,0,,0,,0,,0,0,y,,Associated Wholesale Grocers,,,,,,,,,,_no report as of 7/8/2023,,,,,,,0,0,0,,,12400,,Food Retailers & Distributors,,,,,,,,,,,,,,,5
177,0,,0,,0,,0,,0,0,y,,Big Y Foods Inc.,,,,,,,,,,_no report as of 7/8/2023,,,,,,,0,0,0,,,2400,,Food Retailers & Distributors,,,,,,,,,,,,,,,2
178,0,,0,,0,,0,,0,0,y,,Bozzuto's Inc,,,,,,,,,,_no report as of 7/8/2023,,,,,,,0,0,0,,,3100,,Processed Foods,,,,,,,,,,,,,,,3
179,0,,0,,0,,0,,0,0,y,,Brookshire Brothers,,,,,,,,,,_no report as of 7/8/2023,,,,,,,0,0,0,,,2000,,Food Retailers & Distributors,,,,,,,,,,,,,,,8
180,0,,0,,0,,0,,0,0,y,,Brookshire Grocery Co.,,,,,,,,,,_no report as of 7/8/2023,,,,,,,0,0,0,,,2700,,Food Retailers & Distributors,,,,,,,,,,,,,,,4
181,0,,0,,0,,0,,0,0,y,,C&S Wholesale Grocers,,,,,,,,,,_no report as of 7/8/2023,,,,,,,0,0,0,,,30000,,Food Retailers & Distributors,,,,,,,,,,,,,,,3
182,0,,0,,0,,0,,0,0,y,,Casey's Retail Company,,,,,12/31/2022,,,,,Sustainability Report,,,,,,,0,0,0,,,3330,,Food Retailers & Distributors,,92466,506862,518623,,518623,yes,611089,,183.5102102,,,2022,,1
183,0,,0,,0,,0,,0,0,y,,Coborn's Inc.,,,,,,,,,,_no report as of 7/8/2023,,,,,,,0,0,0,,,1400,,Food Retailers & Distributors,,,,,,,,,,,,,,,11
184,0,,0,,0,,0,,0,0,y,,Defense Commissary Agency (DeCA),,,,,,,,,,_no report as of 7/8/2023,,,,,,,0,0,0,,,4400,,Food Retailers & Distributors,,,,,,,,,,,,,,,2
185,0,,0,,0,,0,,0,0,y,,Demoulas Super Markets Inc.,,,,,,,,,,_no report as of 7/8/2023,,,,,,,0,0,0,,,5900,,Food Retailers & Distributors,,,,,,,,,,,,,,,2
186,0,,0,,0,,0,,0,0,y,,Fareway Stores Inc.,,,,,,,,,,_no report as of 7/8/2023,,,,,,,0,0,0,,,1500,,Food Retailers & Distributors,,,,,,,,,,,,,,,2
188,0,,0,,0,,0,,0,0,y,,"Festival Foods, Inc.",,,,,,,,,,_no report as of 7/8/2023,,,,,,,0,0,0,,,813,,Food Retailers & Distributors,,,,,,,,,,,,,,,1
189,0,,0,,0,,0,,0,0,y,,Fresh Market,,,,,,,,,,_no report as of 7/10/2023,,,,,,,0,0,0,,,1800,,Food Retailers & Distributors,,,,,,,,,,,,,,,1
190,0,,0,,0,,0,,0,0,y,,Fresh Thyme Farmers Market,,,,,,,,,,_no report as of 7/8/2023,,,,,,,0,0,0,,,600,,Food Retailers & Distributors,,,,,,,,,,,,,,,1
191,0,,0,,0,,0,,0,0,y,,Giant Eagle Inc.,,,,,,,,,,_no report as of 7/8/2023,,,,,,,0,0,0,,,11500,,Food Retailers & Distributors,,,,,,,,,,,,,,,5
192,0,,0,,0,,0,,0,0,y,,Giant Tiger,,,,,,,,,,_no report as of 7/8/2023,,,,,,,0,0,0,,,2100,,Food Retailers & Distributors,,,,,,,,,,,,,,,9
193,0,,0,,0,,0,,0,0,y,,Gopuff,,,,,,,,,,_no report as of 7/8/2023,,,,,,,0,0,0,,,2000,,Food Retailers & Distributors,,,,,,,,,,,,,,,2
194,0,,0,,0,,0,,0,0,y,,Grocery Outlet Holding Corp,,,,,12/31/2022,,,,,Sustainability Report,,,,,,,0,0,0,,,3578,,Food Retailers & Distributors,,,,,,,yes,5061,5061,1.414477362,,,2022,,1
195,0,,0,,0,,0,,0,0,y,,H Mart,,,,,,,,,,_no report as of 7/8/2023,,,,,,,0,0,0,,,1050,,Food Retailers & Distributors,,,,,,,,,,,,,,,9
196,0,,0,,0,,0,,0,0,y,,H-E-B,,,,,,,,,,_no report as of 7/8/2023,,,,,,,0,0,0,,,38900,,Food Retailers & Distributors,,,,,,,,,,,,,,,11
197,0,,0,,0,,0,,0,0,y,,Hy-Vee Food Stores Inc.,,,,,,,,,,_no report as of 7/8/2023,,,,,,,0,0,0,,,12000,,Food Retailers & Distributors,,,,,,,,,,,,,,,28
198,0,,0,,0,,0,,0,0,y,,Ingles Markets Inc.,,,,,,,,,,_no report as of 7/8/2023,,,,,,,0,0,0,,,5000,,Food Retailers & Distributors,,,,,,,,,,,,,,,3
199,0,,0,,0,,0,,0,0,y,,Key Food Stores Cooperative,,,,,,,,,,_no report as of 7/8/2023,,,,,,,0,0,0,,,3200,,Food Retailers & Distributors,,,,,,,,,,,,,,,8
200,0,,0,,0,,0,,0,0,y,,K-VA-T Food Stores Inc. (Food City),,,,,,,,,,_no report as of 7/8/2023,,,,,,,0,0,0,,,2500,,Food Retailers & Distributors,,,,,,,,,,,,,,,15
202,0,,0,,0,,0,,0,0,y,,Lidl U.S.,,,,,2/28/2023,,,,,CSR Report,,,,,,,0,0,0,Scope 2,,80.7,,Food Retailers & Distributors,,19521,78851,0,,0,yes,19521,,241.8959108,,,2022,,2
204,0,,0,,0,,0,,0,0,y,,Marc Glassman Inc.,,,,,,,,,,_no report as of 7/8/2023,,,,,,,0,0,0,,,1030,,Food Retailers & Distributors,,,,,,,,,,,,,,,1
205,0,,0,,0,,0,,0,0,y,,Meijer Inc.,,,,,,,,,,_no report as of 7/10/2023,,,,,,,0,0,0,,,20500,,Food Retailers & Distributors,,,,,,,,,,,,,,,20
206,0,,0,,0,,0,,0,0,y,,Natural Grocers by Vitamin Cottage,,,,,,,,,,_no report as of 7/10/2023,,,,,,,0,0,0,,,301.75,,Food Retailers & Distributors,,,,,,,,,,,,,,,1
207,0,,0,,0,,0,,0,0,y,,Northeast Grocery Inc.,,,,,,,,,,_no report as of 7/10/2023,,,,,,,0,0,0,,,8400,,Food Retailers & Distributors,,,,,,,,,,,,,,,4
208,0,,0,,0,,0,,0,0,y,,Northgate Gonzalez Market,,,,,,,,,,_no report as of 7/10/2023,,,,,,,0,0,0,,,1290,,Food Retailers & Distributors,,,,,,,,,,,,,,,1
209,0,,0,,0,,0,,0,0,y,,Patel Brothers,,,,,,,,,,_no report as of 7/10/2023,,,,,,,0,0,0,,,50,,Food Retailers & Distributors,,,,,,,,,,,,,,,4
210,0,,0,,0,,0,,0,0,y,,Publix Super Markets,,,,,,,,,,_no report as of 7/10/2023,,,,,,,0,0,0,,,54500,,Food Retailers & Distributors,,,,,,,,,,,,,,,3
211,0,,0,,0,,0,,0,0,y,,QuikTrip Corp.,,,,,,,,,,_no report as of 7/10/2023,,,,,,,0,0,0,,,20300,,Food Retailers & Distributors,,,,,,,,,,,,,,,13
212,0,,0,,0,,0,,0,0,y,,RaceTrac,,,,,,,,,,_no report as of 7/10/2023,,,,,,,0,0,0,,,19700,,Food Retailers & Distributors,,,,,,,,,,,,,,,5
213,0,,0,,0,,0,,0,0,y,,Raley's Supermarkets,,,,,,,,,,_no report as of 7/10/2023,,,,,,,0,0,0,,,5300,,Food Retailers & Distributors,,,,,,,,,,,,,,,6
214,0,,0,,0,,0,,0,0,y,,Rouses Markets,,,,,,,,,,_no report as of 7/10/2023,,,,,,,0,0,0,,,1490,,Food Retailers & Distributors,,,,,,,,,,,,,,,2
216,0,,0,,0,,0,,0,0,y,,Save Mart Cos.,,,,,,,,,,_no report as of 7/10/2023,,,,,,,0,0,0,,,4600,,Food Retailers & Distributors,,,,,,,,,,,,,,,5
218,0,,0,,0,,0,,0,0,y,,Schnuck Markets Inc.,,,,,,,,,,_no report as of 7/10/2023,,,,,,,0,0,0,,,3200,,Food Retailers & Distributors,,,,,,,,,,,,,,,4
219,0,,0,,0,,0,,0,0,y,,Sedano's Supermarkets,,,,,,,,,,_no report as of 7/10/2023,,,,,,,0,0,0,,,500,,Food Retailers & Distributors,,,,,,,,,,,,,,,1
220,0,,0,,0,,0,,0,0,y,,Sheetz Inc.,,,,,,,,,,_no report as of 7/10/2023,,,,,,,0,0,0,,,7200,,Food Retailers & Distributors,,,,,,,,,,,,,,,3
221,0,,0,,0,,0,,0,0,y,,Southeastern Grocers LLC,,,,,,,,,,_no report as of 7/10/2023,,,,,,,0,0,0,,,10500,,Food Retailers & Distributors,,,,,,,,,,,,,,,9
222,0,,0,,0,,0,,0,0,y,,SpartanNash Co.,,,,,12/31/2022,,,,,ESG Report,,,,,,,0,0,0,,,9600,,Food Retailers & Distributors,,228900,,,164317,164317,yes,393217,,40.96010417,,,2022,,4
223,0,,0,,0,,0,,0,0,y,,Stater Bros. Markets,,,,,,,,,,_no report as of 7/10/2023,,,,,,,0,0,0,,,4200,,Food Retailers & Distributors,,,,,,,,,,,,,,,1
224,0,,0,,0,,0,,0,0,y,,Superior Grocers,,,,,,,,,,_no report as of 7/10/2023,,,,,,,0,0,0,,,900,,Food Retailers & Distributors,,,,,,,,,,,,,,,1
225,0,,0,,0,,0,,0,0,y,,"Topco Associates, LLC",,,,,,,,,,_no report as of 7/10/2023,,,,,,,0,0,0,,,3500,,Processed Foods,,,,,,,,,,,,,,,20
226,0,,0,,0,,0,,0,0,y,,Trader Joe's Co.,,,,,,,,,,_no report as of 7/10/2023,,,,,,,0,0,0,,,16500,,Food Retailers & Distributors,,,,,,,,,,,,,,,1
227,0,,0,,0,,0,,0,0,y,,Vallarta Supermarkets,,,,,,,,,,_no report as of 7/10/2023,,,,,,,0,0,0,,,1500,,Food Retailers & Distributors,,,,,,,,,,,,,,,1
228,0,,0,,0,,0,,0,0,y,,Village Supermarket,,,,,,,,,,_no report as of 7/10/2023,,,,,,,0,0,0,,,2170,,Food Retailers & Distributors,,,,,,,,,,,,,,,4
229,0,,0,,0,,0,,0,0,y,,Wakefern Food Corp.,,,,,,,,,,_no report as of 7/10/2023,,,,,,,0,0,0,,,18600,,Food Retailers & Distributors,,,,,,,,,,,,,,,7
230,0,,0,,0,,0,,0,0,y,,"Wawa, Inc.",,,,,,,,,,_no report as of 7/10/2023,,,,,,,0,0,0,,,14930,,Food Retailers & Distributors,,,,,,,,,,,,,,,1
231,0,,0,,0,,0,,0,0,y,,Wegmans Food Markets Inc.,,,,,,,,,,_no report as of 7/10/2023,,,,,,,0,0,0,,,11200,,Food Retailers & Distributors,,,,,,,,,,,,,,,1
232,0,,0,,0,,0,,0,0,y,,WinCo Foods Inc.,,,,,,,,,,_no report as of 7/10/2023,,,,,,,0,0,0,,,9500,,Food Retailers & Distributors,,,,,,,,,,,,,,,1
233,0,,0,,0,,0,,0,0,y,,Woodman's Food Markets Inc.,,,,,,,,,,_no report as of 7/10/2023,,,,,,,0,0,0,,,2000,,Food Retailers & Distributors,,,,,,,,,,,,,,,1
241,0,,0,,0,,0,,0,0,y,,Lindt & Sprungli,,,,,12/31/2022,no,,,,Sustainability Report,,,,,Chocoladefabriken Lindt & Sprüngli AG,,0,0,0,,,5990,,Processed Foods,,58406,,105870,,105870,yes,164276,,27.42504174,,,2022,,8
244,0,,0,,0,,0,,0,0,y,,Cencosud,,,,,12/31/2023,no,,,,Integrated Annual Report,,,,,,,0,0,0,,,14283,,Multiline and Specialty Retailers & Distributors,,559749,,,167717,167717,yes,727466,,50.93229714,,,2023,,15
246,0,,0,,0,,0,,0,0,y,,Ebro Foods,,,,,12/31/2022,no,,,,CSR,,,,,,,0,0,0,,,2897,,Processed Foods,,171685,,,102467,102467,yes,274152,,94.63306869,,www.ebrofoods.es#http://www.ebrofoods.es#,2022,,54
256,0,,0,,0,,0,,0,0,y,,Save-A-Lot Corp.,,,,,,no,,,,,,,,,,,0,0,0,,,4700,,Food Retailers & Distributors,,41380,20178,,,20178,yes,61558,,13.09744681,,,2022,,33
257,0,,0,,0,,0,,0,0,y,,Celsius Holdings,,,,,,,,,,,,,,,,,0,0,0,,,1318,,Non-Alcoholic Beverages,,,,,,,,,,,,,,,1
258,0,,0,,0,,0,,0,0,y,,"Frank Brunckhorst Company, LLC",,,,,,,,,,,,,,,,,0,0,0,,,1200,,"Meat, Poultry & Dairy",,,,,,,,,,,,,,,2
259,0,,0,,0,,0,,0,0,y,,Mark Anthony Group,,,,,,,,,,,,,,,,,0,0,0,,,3500,,Alcoholic Beverages,,,,,,,,,,,,,,,15
260,0,,0,,0,,0,,0,0,y,,Red Bull,,,,,,,,,,,,,,,,,0,0,0,,,11000,,Non-Alcoholic Beverages,,,,,,,,,,,,,,,1
261,0,,0,,0,,0,,0,0,y,,Hornell Brewing Co Inc.,,,,,,,,,,,,,,,,,0,0,0,,,3000,,Alcoholic Beverages,,,,,,,,,,,,,,,5
262,0,,0,,0,,0,,0,0,y,,Alex Lee Inc.,,,,,,,,,,,,,,,,,0,0,0,,,3200,,Food Retailers & Distributors,,,,,,,,,,,,,,,3
264,0,,0,,0,,0,,0,0,y,,Save-On-Foods,,,,,,,,,,,,,,,,,0,0,0,,,4250,,Food Retailers & Distributors,,,,,,,,,,,,,,,4
267,0,,0,,0,,0,,0,0,,,Aldi North,,,,,,,,,,,,,,,,,0,0,0,,,31574,,Food Retailers & Distributors,,,,,,,,,,,,,,,7
268,0,,0,,0,,0,,0,0,,,Aldi South,,,,,,,,,,,,,,,,,0,0,0,,,90366,,Food Retailers & Distributors,,,,,,,,,,,,,,,7
269,0,,0,,0,,0,,0,0,,,Starbucks,,,,,,no,,,,,,,,,,,0,0,0,,,29460,,Restaurants,,401772,835477,285989,,285989,yes,687761,,23.34558724,,,2023,,7
270,0,,0,,0,,0,,0,0,y,,AAK AB,,,,,,no,,,,,,,,,,,0,0,0,,,4260,,Food Retailers & Distributors,,0,0,0,0,0,yes,,0,0,,,2023,,12
271,0,,0,,0,,0,,0,0,y,,Ajinomoto,,,,,,no,,,,,,,,,,,0,0,0,,,969,,Processed Foods,,0,0,0,0,0,yes,,0,0,,,2023,,62
272,0,,0,,0,,0,,0,0,y,,Barry Callebaut,,,,,,,,,,,,,,,,,0,0,0,,,9453,,Processed Foods,,0,0,0,0,0,yes,,0,0,,,2023,,20
273,0,,0,,0,,0,,0,0,y,,Bayer,,,,,,no,,,,,,,,,,,0,0,0,,,51558,,Biotechnology & Pharmaceuticals,,0,0,0,0,0,yes,,0,0,,,2023,,95
274,0,,0,,0,,0,,0,0,y,,Bunge,,,,,,no,,,,,,,,,,,0,0,0,,,54500,,Agricultural Products,,0,0,0,0,0,yes,,0,0,,,2023,,7
275,0,,0,,0,,0,,0,0,y,,FCF Co LTD,,,,,,no,,,,,,,,,,,0,0,0,,,1700,,Processed Foods,,0,0,0,0,0,yes,,0,0,,,2022,,3
276,0,,0,,0,,0,,0,0,y,,Gruma,,,,,,no,,,,,,,,,,,0,0,0,,,5597,,Processed Foods,,0,0,0,0,0,yes,,0,0,,,2022,,5
277,0,,0,,0,,0,,0,0,y,,House Foods,,,,,,no,,,,,,,,,,,0,0,0,,,1980,,Processed Foods,,0,0,0,0,0,yes,,0,0,,,2021,,1
278,0,,0,,0,,0,,0,0,y,,Indofood,,,,,,no,,,,,,,,,,,0,0,0,,,7330,,Processed Foods,,0,0,0,0,0,yes,,0,0,,,2023,,34
279,0,,0,,0,,0,,0,0,y,,Kerry,,,,,,no,,,,,,,,,,,0,0,0,,,8000,,Processed Foods,,0,0,0,0,0,yes,,0,0,,,2023,,5
280,0,,0,,0,,0,,0,0,y,,Kirin,,,,,,no,,,,,,,,,,,0,0,0,,,14990,,Alcoholic Beverages,,0,0,0,0,0,yes,,0,0,,,2023,,14
281,0,,0,,0,,0,,0,0,y,,Lotus Bakeries,,,,,,no,,,,,,,,,,,0,0,0,,,1116,,Processed Foods,,0,0,0,0,0,yes,,0,0,,,2023,,11
282,0,,0,,0,,0,,0,0,y,,Mengniu Dairy,,,,,,yes,,,,,,,,,,,0,0,0,,,13420,,"Meat, Poultry, & Dairy",,0,0,0,0,0,yes,,0,0,,,2022,,10
283,0,,0,,0,,0,,0,0,y,,Mizkan,,,,,,no,,,,,,,,,,,0,0,0,,,2066,,Processed Foods,,0,0,0,0,0,yes,,0,0,,,2022,,7
284,0,,0,,0,,0,,0,0,y,,Morinaga Nutritional Foods,,,,,,no,,,,,,,,,,,0,0,0,,,328,,Processed Foods,,0,0,0,0,0,yes,,0,0,,,2021,,3
285,0,,0,,0,,0,,0,0,y,,Mowi,,,,,,no,,,,,,,,,,,0,0,0,,,5773,,"Meat, Poultry, & Dairy",,0,0,0,0,0,yes,,0,0,,,2021,,3
286,0,,0,,0,,0,,0,0,y,,Nissin Foods,,,,,,no,,,,,,,,,,,0,0,0,,,5000,,Processed Foods,,0,0,0,0,0,yes,134448,0,0,,,2020,,13
287,0,,0,,0,,0,,0,0,y,,Nissui,,,,,,yes,,,,,,,,,,,0,0,0,,,6000,,Food Retailers & Distributors,,0,0,0,0,0,yes,,0,0,,,2023,,22
288,0,,0,,0,,0,,0,0,y,,Oatly AB,,,,,,,,,,,,,,,,,0,0,0,,,783.3,,Non-Alcoholic Beverages,,0,0,0,0,0,yes,,0,0,,,2023,,1
289,0,,0,,0,,0,,0,0,y,,Ornua Dairy,,,,,,,,,,,,,,,,,0,0,0,,,3569,,"Meat, Poultry, & Dairy",,0,0,0,0,0,yes,,0,0,,,2023,,7
290,0,,0,,0,,0,,0,0,y,,Ottogi,,,,,,,,,,,,,,,,,0,0,0,,,2293,,Processed Foods,,0,0,0,0,0,yes,,0,0,,,2023,,1
291,0,,0,,0,,0,,0,0,y,,Patanjali Foods,,,,,,no,,,,,,,,,,,0,0,0,,,3669,,Agricultural Products,,0,0,0,0,0,yes,,0,0,,,2022,,5
292,0,,0,,0,,0,,0,0,y,,Sysco,,,,,,,,,,,,,,,,,0,0,0,,,78800,,Food Retailers & Distributors,,0,0,0,0,0,yes,,0,0,,,2019,,22
293,0,,0,,0,,0,,0,0,y,,Yum! Brands,,,,,,no,,,,,,,,,,,0,0,0,,,7220,,Processed Foods,,0,0,0,0,0,yes,,0,0,,,2023,,7
294,0,,0,,0,,0,,0,0,y,,Zensho,,,,,,,,,,,,,,,,,0,0,0,,,6580,,Restaurants,,0,0,0,0,0,yes,,0,0,,,2023,,21
295,0,,0,,0,,0,,0,0,y,,Tillamook County Creamery Association,,,,,,,,,,,,,,,,,0,0,0,,,1000,,"Meat, Poultry & Dairy",,0,0,0,0,0,yes,,0,0,,,0,,7
296,0,,0,,0,,0,,0,0,,,3M,,,,,,,,,,,,,,,,,0,0,0,,,24600,,Chemicals,,0,0,0,0,0,,2050000,0,0,,,2024,,7
297,0,,0,,0,,0,,0,0,,,Barilla,,,,,,,,,,,,,,,,,0,0,0,,,5272,,Processed Foods,,0,0,0,0,0,,294643,0,0,,,2023,,7
298,0,,0,,0,,0,,0,0,,,Haleon,,,,,,,,,,,,,,,,,0,0,0,,,14533,,Household & Personal Products,,0,0,0,0,0,,75000,0,0,,,2024,,7
299,0,,0,,0,,0,,0,0,,,Kimberly-Clark,,,,,,,,,,,,,,,,,0,0,0,,,19140,,Household & Personal Products,,0,0,0,0,0,,3370838,0,0,,,2020,,7
